{
  "x_rel": {
    "mean": 3.634974598893343e-11,
    "std": 170.1566949612478
  },
  "y_rel": {
    "mean": -6.542786921903096e-11,
    "std": 259.3339615026007
  },
  "z_rel": {
    "mean": -1.668331170935452e-13,
    "std": 13.992143522575894
  },
  "intensity": {
    "mean": 58783.89903932034,
    "std": 4381.195832483817
  }
}