{
  "x_rel": {
    "mean": 2.3961886134647637e-12,
    "std": 14.382038404627176
  },
  "y_rel": {
    "mean": -1.3233831869110515e-11,
    "std": 14.370027988414677
  },
  "z_rel": {
    "mean": -9.385685159679194e-16,
    "std": 6.681447454771556
  },
  "intensity": {
    "mean": 7340.856692108355,
    "std": 14285.285026677495
  }
}